file,name,x,y,width,length,rotation,split_alpha,opacity
22.jpg,b0000,183.375,190.0657895,17,46,1.97,None,None
22.jpg,b0001,176.0625,248.5953947,17,44,1.83,None,None
22.jpg,b0010,194.0625,212.9547414,15,40,2.17,None,None
22.jpg,b0011,162.5625,232.7038043,20,53,1.78,None,None
22.jpg,b0100,231.1875,412.5,21,48,0.43,None,None
22.jpg,b0101,278.4375,429.8798077,18,40,0.38,None,None
22.jpg,b0110,245.8125,440.55,20,50,0.23,None,None
22.jpg,b0111,288.5625,446.625,14,54,0.08,None,None
