file,name,x,y,width,length,rotation,split_alpha,opacity
22.jpg,b000,177.1875,248.175,14.0,35.0,4.94,None,None
22.jpg,b001,163.125,231.70673076923077,14.0,45.0,4.96,None,None
22.jpg,b010,191.25,212.7857142857143,16.0,37.0,5.28,None,None
22.jpg,b011,183.9375,187.9261363636364,17.0,42.0,5.21,None,None
