name,x,y,width,length,rotation
cell,174.33486665566525,107.95734183073128,8,46,0.79
cell,187.26564383394557,131.3943754663644,8,46,0.79
cell,188.0738174075881,145.44359349888074,8,42,0.79
cell,167.8694780665251,131.6637748787453,8,42,1.57
