{
	"name": "angle",
	"b001111": 2.356194490192345,
	"b001110": 2.498994156264608,
	"b00111": 2.4275943232284765,
	"b001101": 2.6417938223368713,
	"b001100": 2.7845934884091346,
	"b00110": 2.713193655373003,
	"b0011": 2.5703939893007397,
	"b001011": 2.9273931544813983,
	"b001010": 3.0701928205536615,
	"b00101": 2.99879298751753,
	"b00100": 3.2129924866259247,
	"b0010": 3.105892737071727,
	"b001": 2.8381433631862336,
	"b00011": 3.355792152698188,
	"b000101": 3.4985918187704517,
	"b000100": 3.641391484842715,
	"b00010": 3.5699916518065833,
	"b0001": 3.4628919022523856,
	"b00001": 3.784191150914978,
	"b000001": 3.9269908169872414,
	"b000000": 4.069790483059505,
	"b00000": 3.998390650023373,
	"b0000": 3.8912909004691754,
	"b000": 3.6770914013607805,
	"b00": 3.257617382273507,
	"b01111": 4.212590149131768,
	"b01110": 4.355389815204031,
	"b0111": 4.283989982167899,
	"b01101": 4.498189481276295,
	"b01100": 4.640989147348558,
	"b0110": 4.569589314312426,
	"b011": 4.426789648240163,
	"b01011": 4.783788813420822,
	"b010101": 4.926588479493084,
	"b010100": 5.069388145565348,
	"b01010": 4.997988312529216,
	"b0101": 4.890888562975019,
	"b01001": 5.2121878116376115,
	"b010001": 5.354987477709875,
	"b010000": 5.497787143782138,
	"b01000": 5.426387310746007,
	"b0100": 5.319287561191809,
	"b010": 5.105088062083414,
	"b01": 4.765938855161789,
	"b101111": 5.640586809854401,
	"b101110": 5.783386475926664,
	"b10111": 5.711986642890533,
	"b10110": 5.926186141998928,
	"b1011": 5.8190863924447305,
	"b10101": 6.068985808071192,
	"b10100": 6.211785474143454,
	"b1010": 6.140385641107323,
	"b101": 5.979736016776027,
	"b10011": 6.354585140215718,
	"b10010": 6.4973848062879815,
	"b1001": 6.42598497325185,
	"b10001": 6.640184472360245,
	"b10000": 6.782984138432508,
	"b1000": 6.711584305396377,
	"b100": 6.568784639324114,
	"b10": 6.274260328050071,
	"b11111": 6.925783804504771,
	"b11110": 7.0685834705770345,
	"b1111": 6.997183637540903,
	"b111011": 7.211383136649298,
	"b111010": 7.354182802721561,
	"b11101": 7.28278296968543,
	"b11100": 7.496982468793824,
	"b1110": 7.389882719239627,
	"b111": 7.193533178390265,
	"b110111": 7.6397821348660875,
	"b110110": 7.782581800938352,
	"b11011": 7.7111819679022195,
	"b11010": 7.925381467010615,
	"b1101": 7.818281717456417,
	"b110011": 8.068181133082877,
	"b110010": 8.210980799155141,
	"b11001": 8.13958096611901,
	"b110001": 8.353780465227405,
	"b110000": 8.496580131299668,
	"b11000": 8.425180298263538,
	"b1100": 8.282380632191273,
	"b110": 8.050331174823846,
	"b11": 7.621932176607055
}