file,name,x,y,z,aRadius,bRadius,cRadius,theta_x,theta_y,theta_z,isTrash
t015.tif,Cell type 1_10,165.221,307.656,101.098,36.9935,40.1796,36.0568,3.5757,2.91852,3.70783,0
t015.tif,Cell type 1_11,265.624,142.891,95.3214,37.2655,39.3108,35.9706,3.27671,2.80302,4.66215,0
t015.tif,Cell type 1_20,363.555,352.68,73.1473,40.3957,33.2419,35.4186,4.57677,3.24947,4.93407,0
t015.tif,Cell type 1_21,445.682,163.187,151.369,40.2172,32.561,36.0978,5.21371,2.95268,3.87921,0
t015.tif,Cell type 1_30,514.928,245.825,82.5123,29.7697,32.7224,28.6502,2.70605,3.68123,4.65553,0
t015.tif,Cell type 1_31,554.514,322.043,145.463,29.3149,30.1139,28.4529,3.23039,2.91627,4.57859,0
t015.tif,Cell type 1_40,304.067,302.345,159.908,36.0663,26.2953,34.1537,5.14862,2.97224,4.40219,0
t015.tif,Cell type 1_41,479.709,352.013,136.399,36.236,26.8648,35.5465,6.67002,2.87538,3.32592,0
