file,name,x,y,z,majorRadius,minorRadius
t000.tif,t000_cell_001,142.142135620117,205.333282470703,45.6838302612305,30.7000503540039,26.329195022583
t000.tif,t000_cell_002,435.900451660156,211.817749023438,44.3791389465332,21.4974918365479,16.5037021636963
t000.tif,t000_cell_003,276.111358642578,230.000564575195,46.5707855224609,20.9481868743896,15.8120555877686
t000.tif,t000_cell_004,372.930908203125,231.451110839844,44.068717956543,20.7720050811768,15.7025365829468
t000.tif,t000_cell_005,312.212188720703,277.772369384766,44.7093467712402,21.002534866333,15.8459892272949
t000.tif,t000_cell_006,221.099197387695,283.061950683594,45.9466323852539,30.1647090911865,27.271411895752
