file,name,x,y,z,aRadius,bRadius,cRadius,theta_x,theta_y,theta_z
t000.tif,M001,158.436000,149.567000,129.150000,52.131000,58.000000,33.600000,0.000000,0.000000,0.000000
