file,name,x,y,z,aRadius,bRadius,cRadius
t000.tif,6278a5dd895d41da9587d153ed998953,384.081243,154.462949,13.000000,40.613813,40.613813,48.664
t000.tif,9d173f67c4cc4f2bb9553af38c00c470,192.470969,250.897215,13.000000,40.283294,40.283294,48.664
t000.tif,3635a168fbf043bf8a5513ef432cbd44,379.704615,363.561167,13.000000,38.240236,38.240236,48.664
t000.tif,b1a81620fcb44886b300225d585cab11,562.086932,267.106818,13.000000,23.669081,23.669081,48.664
