file,name,x,y,z,aRadius,bRadius,cRadius,isTrash
t000.tif,cell_1,384.081243,154.462949,13.000000,40.0,40.0,48.0,0
t000.tif,cell_2,192.470969,250.897215,13.000000,40.0,40.0,48.0,0
t000.tif,cell_3,379.704615,363.561167,13.000000,38.0,38.0,48.0,0
t000.tif,cell_4,562.086932,267.106818,13.000000,38.0,38.0,48.0,0
t000.tif,trash_1,159.4069596029325,342.7404169105844,5.000000,10.0,10.0,10.0,1
t000.tif,trash_2,334.7895141804764,116.4112590752964,20.0,10.0,10.0,20.0,1
