cell_type,z,y,x
Cell type 1,16.0,250.4357041392887,188.24413121671932
Cell type 1,16.0,155.54685116236243,387.08425571331196
Cell type 1,16.0,268.560541224769,562.4687086875183
Cell type 1,16.0,369.3133120822918,381.22033783271536
