file,name,x,y,width,length,rotation,split_alpha,opacity
frame000.png,b00,159.9488988,107.0429051,6.373756293,20.07513143,1.611157981,None,None
frame000.png,b01,155.6575894,125.8643347,6.600692808,18.67014573,2.016786596,None,None
frame000.png,b10,165.3248039,129.5356468,6.585344495,17.44037879,2.054069441,None,None
frame000.png,b11,170.1952636,113.5734002,6.728826589,18.04443386,1.535245464,None,None
