file,name,x,y,width,length,rotation,split_alpha,opacity
frame000.png,b000,158.87545307134684,105.28615032430369,8.0,19.0,1.35,None,None
frame000.png,b001,157.37778747984953,125.01746372917786,7.0,16.0,2.37,None,None
frame000.png,b010,172.86436855670104,111.51514175257734,7.0,19.0,1.35,None,None
frame000.png,b011,168.58221476510067,130.07005033557047,7.0,18.0,2.18,None,None